{"cameraMode":{"drawMode":0,"name":"Shaded","section":"Shading Mode"},"sceneLighting":false,"audioPlay":false,"sceneViewState":{"showFog":true,"showMaterialUpdate":false,"showSkybox":false,"showFlares":true,"showImageEffects":true,"showParticleSystems":true},"in2DMode":false,"pivot":{"x":0.17000001668930055,"y":0.9100000858306885,"z":-5.980000019073486},"rotation":{"x":-0.29604464769363406,"y":0.5887186527252197,"z":-0.2451218217611313,"w":-0.7111368775367737},"size":2.8578836917877199,"orthographic":true}